{"RuleTriggered": 0, "Violations": 0, "Details": {"Network": {"algo-1": {"max": 62559370.31, "p99": 0, "p95": 0, "p50": 0, "min": 0}}, "GPU": {"algo-1": {"max": 100.0, "p99": 100.0, "p95": 100.0, "p50": 0, "min": 0}}, "CPU": {"algo-1": {"max": 100.0, "p99": 95.79, "p95": 81.9, "p50": 59.61, "min": 26.76}}, "CPU memory": {"algo-1": {"max": 4.36, "p99": 4.23, "p95": 4.13, "p50": 4.1, "min": 1.77}}, "GPU memory": {"algo-1": {"max": 83.0, "p99": 78.0, "p95": 71.45, "p50": 0, "min": 0}}, "I/O": {"algo-1": {"max": 71.03, "p99": 41.27, "p95": 2.04, "p50": 0, "min": 0}}}, "Datapoints": 5191, "RuleParameters": ""}