{"RuleTriggered": 0, "Violations": 0, "Details": {"ratio": {"gpu_functions-dev:0": 55.41426789451197, "cpu_functions": 44.58573210548803}, "phase": {"Step:ModeKeys.TRAIN": 13.33873081171485, "others": 86.64922757055513, "Step:ModeKeys.EVAL": 0.01204161773001561}, "phase_time": {}, "CPU": {"conv2d": 20.624206445450586, "convolution": 20.27590214213146, "_convolution": 19.383557398429197, "size": 3.662981881070092, "contiguous": 3.123300773000615, "cudnn_convolution": 13.98947407470156, "batch_norm": 9.7990637720164, "_batch_norm_impl_index": 6.56319488100959, "copy_": 2.5783186321904994}, "CPU_total": {"conv2d": 9745957, "convolution": 9581366, "_convolution": 9159689, "size": 1730940, "contiguous": 1475914, "cudnn_convolution": 6610718, "batch_norm": 4630542, "_batch_norm_impl_index": 3101434, "copy_": 1218383}, "GPU": {"conv2d": 21.791408392587183, "convolution": 21.78466556501549, "_convolution": 21.77981206437725, "cudnn_convolution": 21.737123623584857, "batch_norm": 4.316267520482215, "_batch_norm_impl_index": 4.311625984968134, "cudnn_batch_norm": 4.279096848984881}, "GPU_total": {"conv2d": 13056435, "convolution": 13052395, "_convolution": 13049487, "cudnn_convolution": 13023910, "batch_norm": 2586114, "_batch_norm_impl_index": 2583333, "cudnn_batch_norm": 2563843}, "general": {"Forward": 100.0}}, "Datapoints": 0, "RuleParameters": ""}